cc,N,variant,cond,se_b,cor_b_g_MD,se_bD,se_bW,se_bR,cor_bD_g_MD,cor_bW_g_MW,cor_bR_g_DR,se_bDiss,cor_bDiss_g_MD
AO,4404.75779,A shared,109792.95143,0.01051,-0.01863,,,,,,,,
AO,4404.75779,"B D,W,R separate",108488.35741,,,0.01758,0.01285,0.01948,-0.32718,-0.29563,-0.45242,,
AO,4404.75779,"C D,R; W none",77665.53522,,,0.01673,,0.01526,-0.37171,,-0.55023,,
AO,4404.75779,"D D=W, R",112267.50505,,,,,0.0188,,,-0.43602,0.01067,-0.06387
BF,17897.62193,A shared,158597.85869,0.00688,-0.30059,,,,,,,,
BF,17897.62193,"B D,W,R separate",181262.73122,,,0.00992,0.01119,0.01226,-0.59518,-0.77505,-0.7293,,
BF,17897.62193,"C D,R; W none",118651.71636,,,0.00959,,0.01031,-0.64024,,-0.80611,,
BF,17897.62193,"D D=W, R",163602.94199,,,,,0.01216,,,-0.73124,0.00719,-0.37389
BJ,37943.42707,A shared,129527.84938,0.00391,-0.01135,,,,,,,,
BJ,37943.42707,"B D,W,R separate",128922.75335,,,0.00603,0.00515,0.0069,-0.31869,-0.50316,-0.49997,,
BJ,37943.42707,"C D,R; W none",85780.254,,,0.00571,,0.00549,-0.36629,,-0.60936,,
BJ,37943.42707,"D D=W, R",132999.09039,,,,,0.0067,,,-0.48904,0.00398,-0.06613
BU,13498.75875,A shared,141680.81821,0.00683,-0.09454,,,,,,,,
BU,13498.75875,"B D,W,R separate",143924.71055,,,0.01072,0.00928,0.01225,-0.43413,-0.60069,-0.58206,,
BU,13498.75875,"C D,R; W none",112001.87035,,,0.01033,,0.00985,-0.47238,,-0.67898,,
BU,13498.75875,"D D=W, R",145228.55985,,,,,0.012,,,-0.57746,0.00702,-0.15672
CD,10575.78252,A shared,134424.50108,0.00743,-0.06836,,,,,,,,
CD,10575.78252,"B D,W,R separate",136545.65181,,,0.01137,0.01014,0.01332,-0.3951,-0.57799,-0.56323,,
CD,10575.78252,"C D,R; W none",85982.47859,,,0.01083,,0.01068,-0.44659,,-0.66242,,
CD,10575.78252,"D D=W, R",138345.28247,,,,,0.013,,,-0.55954,0.00759,-0.12971
CG,6597.92531,A shared,130675.51008,0.00895,-0.00708,,,,,,,,
CG,6597.92531,"B D,W,R separate",131126.1452,,,0.01418,0.01163,0.01618,-0.32683,-0.50382,-0.49704,,
CG,6597.92531,"C D,R; W none",86392.69666,,,0.01353,,0.01282,-0.37536,,-0.60104,,
CG,6597.92531,"D D=W, R",134175.65712,,,,,0.01573,,,-0.48912,0.00912,-0.06301
CI,4122.12443,A shared,124936.91298,0.01109,0.00788,,,,,,,,
CI,4122.12443,"B D,W,R separate",123651.44462,,,0.01786,0.01398,0.02029,-0.30375,-0.41811,-0.47211,,
CI,4122.12443,"C D,R; W none",84711.31437,,,0.01691,,0.01594,-0.35581,,-0.58015,,
CI,4122.12443,"D D=W, R",128246.20372,,,,,0.01961,,,-0.45993,0.01126,-0.04312
CM,21782.49245,A shared,94435.68607,0.00452,-0.04968,,,,,,,,
CM,21782.49245,"B D,W,R separate",93482.63681,,,0.00754,0.0057,0.00864,-0.38707,-0.56549,-0.53741,,
CM,21782.49245,"C D,R; W none",76311.29307,,,0.00719,,0.00679,-0.43024,,-0.64662,,
CM,21782.49245,"D D=W, R",97578.62795,,,,,0.00833,,,-0.52972,0.0046,-0.1038
ET,22170.91721,A shared,156689.86707,0.00543,-0.07781,,,,,,,,
ET,22170.91721,"B D,W,R separate",167590.85618,,,0.00759,0.00828,0.00939,-0.37193,-0.69273,-0.59397,,
ET,22170.91721,"C D,R; W none",92814.31613,,,0.00712,,0.00768,-0.44156,,-0.70841,,
ET,22170.91721,"D D=W, R",163155.13728,,,,,0.00921,,,-0.59548,0.00556,-0.14798
GA,4999.84761,A shared,118272.88226,0.00951,0.04981,,,,,,,,
GA,4999.84761,"B D,W,R separate",116856.14439,,,0.0158,0.01156,0.01766,-0.23995,-0.32312,-0.40448,,
GA,4999.84761,"C D,R; W none",82878.17205,,,0.01496,,0.01369,-0.29275,,-0.51204,,
GA,4999.84761,"D D=W, R",121262.2452,,,,,0.01697,,,-0.38651,0.00962,0.00508
GH,10060.60552,A shared,149441.95505,0.0071,0.02909,,,,,,,,
GH,10060.60552,"B D,W,R separate",148063.52571,,,0.01152,0.00897,0.01296,-0.29694,-0.48391,-0.47281,,
GH,10060.60552,"C D,R; W none",118447.5419,,,0.0109,,0.01009,-0.34878,,-0.5897,,
GH,10060.60552,"D D=W, R",154059.79005,,,,,0.01252,,,-0.46089,0.00721,-0.02436
GM,8643.55058,A shared,144410.58436,0.00812,0.00829,,,,,,,,
GM,8643.55058,"B D,W,R separate",147244.54508,,,0.01221,0.01106,0.01435,-0.29981,-0.57268,-0.51404,,
GM,8643.55058,"C D,R; W none",94651.63008,,,0.01155,,0.01149,-0.35879,,-0.62948,,
GM,8643.55058,"D D=W, R",148825.31225,,,,,0.01397,,,-0.50909,0.00828,-0.05433
GN,16969.32503,A shared,136740.32512,0.00589,-0.09655,,,,,,,,
GN,16969.32503,"B D,W,R separate",136402.14064,,,0.00912,0.00792,0.01057,-0.43299,-0.52052,-0.56815,,
GN,16969.32503,"C D,R; W none",83287.63652,,,0.0086,,0.00844,-0.48873,,-0.66514,,
GN,16969.32503,"D D=W, R",141284.2728,,,,,0.01029,,,-0.56351,0.00601,-0.15482
KE,18478.6388,A shared,145862.57315,0.00565,-0.02692,,,,,,,,
KE,18478.6388,"B D,W,R separate",148669.57358,,,0.00866,0.00766,0.01004,-0.34702,-0.58457,-0.53605,,
KE,18478.6388,"C D,R; W none",104683.36178,,,0.00827,,0.00804,-0.39491,,-0.6433,,
KE,18478.6388,"D D=W, R",149976.72999,,,,,0.0098,,,-0.53049,0.00578,-0.08829
KM,2341.09134,A shared,125816.73924,0.01453,0.04261,,,,,,,,
KM,2341.09134,"B D,W,R separate",124445.48947,,,0.02351,0.01801,0.02624,-0.24557,-0.36171,-0.41062,,
KM,2341.09134,"C D,R; W none",81405.16444,,,0.02228,,0.02051,-0.29271,,-0.51011,,
KM,2341.09134,"D D=W, R",128887.85915,,,,,0.02527,,,-0.39262,0.01472,-0.00209
LB,8555.66648,A shared,127926.83714,0.00729,0.01244,,,,,,,,
LB,8555.66648,"B D,W,R separate",126094.53392,,,0.0123,0.00891,0.01375,-0.31485,-0.38407,-0.46204,,
LB,8555.66648,"C D,R; W none",97271.64557,,,0.01161,,0.01064,-0.36887,,-0.57928,,
LB,8555.66648,"D D=W, R",131838.24828,,,,,0.01321,,,-0.44807,0.00739,-0.03595
LS,9659.36056,A shared,156137.37481,0.00779,-0.10744,,,,,,,,
LS,9659.36056,"B D,W,R separate",166826.37639,,,0.012,0.01107,0.01433,-0.45126,-0.67175,-0.62178,,
LS,9659.36056,"C D,R; W none",135370.14791,,,0.01159,,0.01167,-0.50309,,-0.72203,,
LS,9659.36056,"D D=W, R",161060.19079,,,,,0.01411,,,-0.62244,0.00803,-0.18114
MD,21963.46832,A shared,126926.88488,0.00506,-0.11394,,,,,,,,
MD,21963.46832,"B D,W,R separate",125535.05352,,,0.00816,0.00657,0.00921,-0.45295,-0.47341,-0.56084,,
MD,21963.46832,"C D,R; W none",86089.97972,,,0.00778,,0.00732,-0.49467,,-0.65015,,
MD,21963.46832,"D D=W, R",130431.87477,,,,,0.00896,,,-0.55375,0.00517,-0.16687
ML,19717.41987,A shared,130459.39862,0.00576,-0.13312,,,,,,,,
ML,19717.41987,"B D,W,R separate",131366.27492,,,0.00864,0.00806,0.01009,-0.4537,-0.55929,-0.5906,,
ML,19717.41987,"C D,R; W none",70765.94898,,,0.0082,,0.0082,-0.50237,,-0.67932,,
ML,19717.41987,"D D=W, R",134218.65186,,,,,0.00986,,,-0.58716,0.00591,-0.19357
MR,7023.19649,A shared,114848.73654,0.00825,0.00916,,,,,,,,
MR,7023.19649,"B D,W,R separate",114067.13595,,,0.01355,0.01007,0.01506,-0.28632,-0.27518,-0.42188,,
MR,7023.19649,"C D,R; W none",77692.39057,,,0.01273,,0.01169,-0.33364,,-0.52002,,
MR,7023.19649,"D D=W, R",117928.69829,,,,,0.01441,,,-0.39861,0.00835,-0.03177
MW,36568.35753,A shared,136571.67043,0.00437,-0.16487,,,,,,,,
MW,36568.35753,"B D,W,R separate",143405.3198,,,0.00638,0.0065,0.00778,-0.47674,-0.66983,-0.64722,,
MW,36568.35753,"C D,R; W none",88954.19338,,,0.00612,,0.00643,-0.52788,,-0.73783,,
MW,36568.35753,"D D=W, R",140413.41355,,,,,0.00767,,,-0.64707,0.00451,-0.23474
MZ,7213.79329,A shared,112051.96009,0.00838,-0.05762,,,,,,,,
MZ,7213.79329,"B D,W,R separate",110657.06895,,,0.0137,0.01055,0.01553,-0.38272,-0.40175,-0.51107,,
MZ,7213.79329,"C D,R; W none",76421.07652,,,0.01303,,0.01224,-0.4288,,-0.6089,,
MZ,7213.79329,"D D=W, R",115035.54828,,,,,0.01502,,,-0.50014,0.00852,-0.1072
NG,64515.26361,A shared,129074.60745,0.00273,0.01966,,,,,,,,
NG,64515.26361,"B D,W,R separate",128056.40739,,,0.00437,0.00346,0.00498,-0.29493,-0.44987,-0.46326,,
NG,64515.26361,"C D,R; W none",84560.5234,,,0.0041,,0.00387,-0.35008,,-0.57497,,
NG,64515.26361,"D D=W, R",133339.4194,,,,,0.00479,,,-0.45026,0.00277,-0.02917
NI,12834.54721,A shared,164176.37026,0.00831,-0.28556,,,,,,,,
NI,12834.54721,"B D,W,R separate",196176.98161,,,0.01128,0.01483,0.01452,-0.55562,-0.79684,-0.72236,,
NI,12834.54721,"C D,R; W none",89474.80769,,,0.01078,,0.01241,-0.61444,,-0.80314,,
NI,12834.54721,"D D=W, R",170690.86878,,,,,0.01443,,,-0.72526,0.00867,-0.36297
NM,7001.16234,A shared,116360.41517,0.00746,0.087,,,,,,,,
NM,7001.16234,"B D,W,R separate",114337.17531,,,0.01399,0.0084,0.01462,-0.1543,-0.14468,-0.28543,,
NM,7001.16234,"C D,R; W none",119616.23699,,,0.01347,,0.01092,-0.18433,,-0.38692,,
NM,7001.16234,"D D=W, R",118995.9929,,,,,0.01396,,,-0.24508,0.00751,0.05889
RW,34148.86801,A shared,163287.74098,0.00417,-0.03441,,,,,,,,
RW,34148.86801,"B D,W,R separate",169211.62956,,,0.0066,0.00565,0.00756,-0.38299,-0.63229,-0.56443,,
RW,34148.86801,"C D,R; W none",152538.08015,,,0.00639,,0.00605,-0.42448,,-0.66888,,
RW,34148.86801,"D D=W, R",167498.91567,,,,,0.00742,,,-0.5605,0.00428,-0.10146
SL,19735.71786,A shared,128640.91564,0.00511,0.00342,,,,,,,,
SL,19735.71786,"B D,W,R separate",127459.0525,,,0.00828,0.0064,0.00932,-0.31361,-0.3881,-0.46464,,
SL,19735.71786,"C D,R; W none",84976.61219,,,0.00778,,0.00731,-0.36887,,-0.57967,,
SL,19735.71786,"D D=W, R",132409.35499,,,,,0.00897,,,-0.45081,0.00519,-0.04696
SN,38093.94702,A shared,130687.12093,0.00371,-0.01627,,,,,,,,
SN,38093.94702,"B D,W,R separate",129864.90211,,,0.00591,0.00477,0.00671,-0.33601,-0.46129,-0.49221,,
SN,38093.94702,"C D,R; W none",85950.94955,,,0.0056,,0.0053,-0.38561,,-0.59679,,
SN,38093.94702,"D D=W, R",134327.7973,,,,,0.0065,,,-0.48256,0.00378,-0.06962
ST,1165.82564,A shared,147083.22456,0.02339,-0.14835,,,,,,,,
ST,1165.82564,"B D,W,R separate",150502.6844,,,0.03695,0.03221,0.04313,-0.49908,-0.62245,-0.63187,,
ST,1165.82564,"C D,R; W none",113993.58059,,,0.03559,,0.03477,-0.54836,,-0.72314,,
ST,1165.82564,"D D=W, R",151196.39279,,,,,0.04236,,,-0.63117,0.02405,-0.21483
SZ,2058.40038,A shared,134606.37931,0.01437,0.07644,,,,,,,,
SZ,2058.40038,"B D,W,R separate",131224.55098,,,0.02512,0.01693,0.02734,-0.22836,-0.31504,-0.38987,,
SZ,2058.40038,"C D,R; W none",128916.13832,,,0.02395,,0.02074,-0.27152,,-0.49431,,
SZ,2058.40038,"D D=W, R",138231.28083,,,,,0.02623,,,-0.36389,0.0145,0.03592
TD,12572.68831,A shared,141748.61169,0.00776,-0.22428,,,,,,,,
TD,12572.68831,"B D,W,R separate",150760.63601,,,0.01114,0.01204,0.01362,-0.52796,-0.70897,-0.67162,,
TD,12572.68831,"C D,R; W none",79356.89967,,,0.0106,,0.01127,-0.58198,,-0.75908,,
TD,12572.68831,"D D=W, R",146858.70762,,,,,0.01343,,,-0.67332,0.00802,-0.29297
TG,5550.17889,A shared,146919.80453,0.01,0.03096,,,,,,,,
TG,5550.17889,"B D,W,R separate",146968.03038,,,0.0157,0.01297,0.01783,-0.28693,-0.52793,-0.47949,,
TG,5550.17889,"C D,R; W none",108720.25624,,,0.0149,,0.01398,-0.33558,,-0.59246,,
TG,5550.17889,"D D=W, R",151114.449,,,,,0.01729,,,-0.46818,0.01017,-0.02389
TZ,16495.32632,A shared,145162.76859,0.0061,-0.10805,,,,,,,,
TZ,16495.32632,"B D,W,R separate",149726.56141,,,0.00936,0.00851,0.01105,-0.44212,-0.61797,-0.60364,,
TZ,16495.32632,"C D,R; W none",102922.98199,,,0.00897,,0.00896,-0.49361,,-0.70009,,
TZ,16495.32632,"D D=W, R",149379.08997,,,,,0.01084,,,-0.60255,0.00627,-0.17481
UG,19282.38102,A shared,139964.03081,0.00565,-0.07586,,,,,,,,
UG,19282.38102,"B D,W,R separate",143269.29118,,,0.0084,0.00798,0.01004,-0.39416,-0.60839,-0.58397,,
UG,19282.38102,"C D,R; W none",93578.79039,,,0.00799,,0.00819,-0.45005,,-0.6881,,
UG,19282.38102,"D D=W, R",144120.68966,,,,,0.00985,,,-0.58168,0.00579,-0.14277
ZA,1979.89784,A shared,117309.43266,0.0133,0.14413,,,,,,,,
ZA,1979.89784,"B D,W,R separate",117116.00104,,,0.02634,0.01453,0.02702,-0.04531,-0.07145,-0.20509,,
ZA,1979.89784,"C D,R; W none",153134.90781,,,0.02538,,0.01958,-0.07522,,-0.31817,,
ZA,1979.89784,"D D=W, R",120259.38761,,,,,0.0256,,,-0.14841,0.01334,0.12196
ZM,17874.1448,A shared,149731.66572,0.00584,-0.05911,,,,,,,,
ZM,17874.1448,"B D,W,R separate",153752.85674,,,0.00889,0.00808,0.01046,-0.39178,-0.60871,-0.5706,,
ZM,17874.1448,"C D,R; W none",102805.37267,,,0.00846,,0.00843,-0.44843,,-0.67654,,
ZM,17874.1448,"D D=W, R",154201.33764,,,,,0.01024,,,-0.56842,0.00598,-0.1257
ZW,15119.16109,A shared,136634.43915,0.00633,-0.09352,,,,,,,,
ZW,15119.16109,"B D,W,R separate",139603.64625,,,0.00989,0.00861,0.01149,-0.42566,-0.58169,-0.58225,,
ZW,15119.16109,"C D,R; W none",95435.76419,,,0.00951,,0.00931,-0.4722,,-0.6787,,
ZW,15119.16109,"D D=W, R",140129.04184,,,,,0.01126,,,-0.57979,0.00649,-0.15758
ALL,579615.63922,A shared,129792.12207,0.00096,-0.03417,,,,,,,,
ALL,579615.63922,"B D,W,R separate",129306.78159,,,0.00152,0.00126,0.00174,-0.35734,-0.50539,-0.51891,,
ALL,579615.63922,"C D,R; W none",87392.19471,,,0.00144,,0.00138,-0.40765,,-0.62482,,
ALL,579615.63922,"D D=W, R",133609.42195,,,,,0.00169,,,-0.51097,0.00098,-0.08966
