cc,coh,event,n,median
AO,1965.0,deb,642,16.505069913453603
AO,1965.0,mar,642,20.53549863778946
AO,1970.0,deb,1019,16.715266735514703
AO,1970.0,mar,1019,20.737364884055154
AO,1975.0,deb,1598,16.241595862725283
AO,1975.0,mar,1598,20.55953037632963
AO,1980.0,deb,1637,16.539496646030543
AO,1980.0,mar,1637,20.44586758159349
AO,1985.0,deb,2497,16.44778508065371
AO,1985.0,mar,2497,20.218543633254093
AO,1990.0,deb,2886,16.56573519221046
AO,1990.0,mar,2886,20.84998784545839
AO,1995.0,deb,3362,16.4928739305322
BF,1950.0,deb,227,17.615712431423418
BF,1950.0,mar,227,17.852645246542536
BF,1955.0,deb,1096,17.56920884722498
BF,1955.0,mar,1096,17.73545401892089
BF,1960.0,deb,2375,17.59463692724925
BF,1960.0,mar,2375,17.808961543551145
BF,1965.0,deb,3014,17.488653562414132
BF,1965.0,mar,3014,17.70698354763084
BF,1970.0,deb,3667,17.45446997699417
BF,1970.0,mar,3667,17.71488653207778
BF,1975.0,deb,4369,17.51165489501116
BF,1975.0,mar,4369,17.82006082848899
BF,1980.0,deb,5415,17.465352698596202
BF,1980.0,mar,5415,17.934963776394298
BF,1985.0,deb,5346,17.484425483039146
BF,1985.0,mar,5346,18.111358717745528
BF,1990.0,deb,3417,17.611147289132568
BJ,1950.0,deb,212,17.984237358940433
BJ,1950.0,mar,212,18.600042736003186
BJ,1955.0,deb,1183,17.801807489714598
BJ,1955.0,mar,1183,18.85952724434357
BJ,1960.0,deb,2589,17.81465228893291
BJ,1960.0,mar,2589,18.881386355304713
BJ,1965.0,deb,4318,17.656772154252796
BJ,1965.0,mar,4318,19.033577832597768
BJ,1970.0,deb,6717,17.63539443889689
BJ,1970.0,mar,6717,19.244690320662254
BJ,1975.0,deb,8517,17.488247209788568
BJ,1975.0,mar,8517,19.119578835633206
BJ,1980.0,deb,10068,17.50020425849883
BJ,1980.0,mar,10068,19.243863302275134
BJ,1985.0,deb,9293,17.381626661917792
BJ,1985.0,mar,9293,19.663084742233977
BJ,1990.0,deb,7011,17.547110297938378
BJ,1995.0,deb,4459,17.350327738086655
BU,1960.0,deb,512,19.696874304863673
BU,1960.0,mar,512,19.89744005744865
BU,1965.0,deb,1342,19.99232909178724
BU,1965.0,mar,1342,20.723814916030392
BU,1970.0,deb,2441,19.735916568795382
BU,1970.0,mar,2441,20.3652731941343
BU,1975.0,deb,2657,19.79662002171576
BU,1975.0,mar,2657,20.40572279545643
BU,1980.0,deb,3898,19.49150111994987
BU,1980.0,mar,3898,20.18619963542562
BU,1985.0,deb,4388,19.588754242321496
BU,1985.0,mar,4388,20.206453152453825
BU,1990.0,deb,5618,19.850401727220245
BU,1990.0,mar,5618,20.952821013856642
CD,1955.0,deb,331,16.233171541268828
CD,1955.0,mar,331,17.940451549094778
CD,1960.0,deb,1107,16.7861025509786
CD,1960.0,mar,1107,18.183951171775327
CD,1965.0,deb,2250,16.6721103961239
CD,1965.0,mar,2250,18.16093152913167
CD,1970.0,deb,2927,16.544134843734394
CD,1970.0,mar,2927,18.798905303477646
CD,1975.0,deb,3757,16.690097544866855
CD,1975.0,mar,3757,18.910174727407053
CD,1980.0,deb,4636,16.68870736509303
CD,1980.0,mar,4636,18.738440891823107
CD,1985.0,deb,5642,16.869023578543185
CD,1985.0,mar,5642,19.156034498153677
CD,1990.0,deb,4900,17.059866327316197
CD,1990.0,mar,4900,19.486594436674565
CG,1955.0,deb,349,15.700803679021679
CG,1955.0,mar,349,19.11833191141342
CG,1960.0,deb,1062,15.933714271090189
CG,1960.0,mar,1062,19.376292274193325
CG,1965.0,deb,1719,15.992268228511126
CG,1965.0,mar,1719,19.88522711234716
CG,1970.0,deb,2274,15.812444704210584
CG,1970.0,mar,2274,19.83211103554305
CG,1975.0,deb,2719,15.993164690575782
CG,1975.0,mar,2719,20.497195940408435
CG,1980.0,deb,3241,16.33154309074617
CG,1980.0,mar,3241,19.85230246926546
CG,1985.0,deb,3310,16.173913612984855
CG,1985.0,mar,3310,20.092285047036583
CG,1990.0,deb,2306,16.294792765617192
CI,1960.0,deb,343,16.580175899404985
CI,1960.0,mar,343,18.452996683788164
CI,1965.0,deb,765,16.669610360040554
CI,1965.0,mar,765,19.000170230487136
CI,1970.0,deb,1006,16.698829108865514
CI,1970.0,mar,1006,18.967276722582366
CI,1975.0,deb,1313,16.830979758542735
CI,1975.0,mar,1313,19.684070402037147
CI,1980.0,deb,1702,16.82934270961259
CI,1980.0,mar,1702,20.342205842552445
CI,1985.0,deb,1994,16.885659249600952
CI,1985.0,mar,1994,20.401885162829878
CI,1990.0,deb,2017,16.618839170704366
CM,1955.0,deb,1038,16.240165030895902
CM,1955.0,mar,1038,17.495646202433324
CM,1960.0,deb,2038,16.532185669497917
CM,1960.0,mar,2038,17.852722219294765
CM,1965.0,deb,2869,16.370884078952727
CM,1965.0,mar,2869,17.839470253286656
CM,1970.0,deb,3906,16.39811159192746
CM,1970.0,mar,3906,18.27099437894362
CM,1975.0,deb,4724,16.588561285850535
CM,1975.0,mar,4724,18.82081212391448
CM,1980.0,deb,6337,16.812410219883258
CM,1980.0,mar,6337,18.86984503160407
CM,1985.0,deb,7337,17.074972086783173
CM,1985.0,mar,7337,19.729292298012304
CM,1990.0,deb,6129,17.195519746463702
CM,1995.0,deb,3584,17.531272616787554
ET,1940.0,deb,518,15.57432442696974
ET,1940.0,mar,518,15.572698560682872
ET,1945.0,deb,1572,15.83695528401773
ET,1945.0,mar,1572,15.906578319778571
ET,1950.0,deb,2813,15.526728321378439
ET,1950.0,mar,2813,15.575066110407946
ET,1955.0,deb,4297,15.676625190814809
ET,1955.0,mar,4297,15.799382676738048
ET,1960.0,deb,6318,15.924025096644142
ET,1960.0,mar,6318,16.154971008374122
ET,1965.0,deb,8594,16.510446366821764
ET,1965.0,mar,8594,16.809962377686446
ET,1970.0,deb,10006,17.10181291731986
ET,1970.0,mar,10006,17.4046254054528
ET,1975.0,deb,10787,17.926706015122026
ET,1975.0,mar,10787,18.205384564078958
ET,1980.0,deb,8250,18.694839789064414
ET,1980.0,mar,8250,19.1302779587551
GA,1950.0,deb,266,15.677734617915924
GA,1950.0,mar,266,17.98679938665457
GA,1955.0,deb,484,15.697667792182868
GA,1955.0,mar,484,19.150080522911768
GA,1960.0,deb,1060,16.02015962217789
GA,1960.0,mar,1060,19.192069472486835
GA,1965.0,deb,1663,16.37407350397516
GA,1965.0,mar,1663,20.533978617321896
GA,1970.0,deb,1825,16.46674245844566
GA,1970.0,mar,1825,21.155309738170683
GA,1975.0,deb,2206,16.3984520447323
GA,1975.0,mar,2206,21.401647241575162
GA,1980.0,deb,2770,16.539189466530622
GA,1985.0,deb,1721,16.93882694720117
GA,1985.0,mar,1721,22.283374810953216
GA,1990.0,deb,1787,16.831533377839705
GH,1955.0,deb,574,18.09513701354156
GH,1955.0,mar,574,19.48778789790328
GH,1960.0,deb,1092,17.780941984591312
GH,1960.0,mar,1092,19.016817023452347
GH,1965.0,deb,2114,17.76193334701006
GH,1965.0,mar,2114,19.28160957965566
GH,1970.0,deb,2550,17.877630920960485
GH,1970.0,mar,2550,19.577803357084836
GH,1975.0,deb,2886,18.305643727076465
GH,1975.0,mar,2886,20.369846662949197
GH,1980.0,deb,3227,18.40175424085967
GH,1980.0,mar,3227,21.17132467297665
GH,1985.0,deb,3352,18.44130369700274
GH,1985.0,mar,3352,22.85490172483769
GH,1990.0,deb,2407,18.34408292530174
GM,1965.0,deb,605,17.43489153600933
GM,1965.0,mar,605,17.545473637966996
GM,1970.0,deb,1583,17.5819506079593
GM,1970.0,mar,1583,18.018463944483745
GM,1975.0,deb,2171,17.71259541965145
GM,1975.0,mar,2171,18.23175548255229
GM,1980.0,deb,3152,18.335698406207833
GM,1980.0,mar,3152,19.16904727154789
GM,1985.0,deb,3433,19.003715586489005
GM,1985.0,mar,3433,19.896794318242215
GM,1990.0,deb,4676,19.47447550953828
GM,1990.0,mar,4676,20.554528212259
GN,1955.0,deb,611,15.793227597581328
GN,1955.0,mar,611,15.976255076324676
GN,1960.0,deb,1034,16.31960066160888
GN,1960.0,mar,1034,16.703350771242036
GN,1965.0,deb,1983,15.961616791279594
GN,1965.0,mar,1983,16.422151094285798
GN,1970.0,deb,3059,16.077199175210886
GN,1970.0,mar,3059,16.968095288179992
GN,1975.0,deb,3455,16.038200800331932
GN,1975.0,mar,3455,16.956110135830126
GN,1980.0,deb,4005,16.207649498119302
GN,1980.0,mar,4005,17.33414854057903
GN,1985.0,deb,4657,16.36974000634842
GN,1985.0,mar,4657,17.85708519697483
GN,1990.0,deb,4148,16.485015427659953
GN,1990.0,mar,4148,18.266417377564718
GN,1995.0,deb,2965,16.990000037410628
GN,1995.0,mar,2965,18.887472648524287
KE,1955.0,deb,703,16.78943863861295
KE,1955.0,mar,703,19.14614697542883
KE,1960.0,deb,1605,17.158361688319612
KE,1960.0,mar,1605,19.11280673970735
KE,1965.0,deb,4106,17.55623610060184
KE,1965.0,mar,4106,19.851657128334704
KE,1970.0,deb,5252,17.690429564599103
KE,1970.0,mar,5252,19.98086443981913
KE,1975.0,deb,6614,17.83868001676287
KE,1975.0,mar,6614,20.37748077092348
KE,1980.0,deb,7908,17.89278832662607
KE,1980.0,mar,7908,20.184935314480626
KE,1985.0,deb,8866,18.00150969074041
KE,1985.0,mar,8866,20.64579492908221
KE,1990.0,deb,6856,18.17106364384836
KM,1965.0,deb,332,19.826990814555252
KM,1965.0,mar,332,20.212883076301733
KM,1970.0,deb,568,20.061281338426237
KM,1970.0,mar,568,20.516977576045136
KM,1975.0,deb,624,20.42386824927268
KM,1975.0,mar,624,21.12802574053669
KM,1980.0,deb,881,20.282967307939984
KM,1980.0,mar,881,20.751070569566146
KM,1985.0,deb,896,20.152120401856678
KM,1985.0,mar,896,20.608310877063907
LB,1955.0,deb,335,16.085826287879367
LB,1955.0,mar,335,17.8884758047163
LB,1960.0,deb,964,16.05281718739886
LB,1960.0,mar,964,18.427429767162984
LB,1965.0,deb,1532,15.967348874400514
LB,1965.0,mar,1532,18.24530771160709
LB,1970.0,deb,2706,16.018608281509742
LB,1970.0,mar,2706,18.597670604874267
LB,1975.0,deb,3133,15.993882854522091
LB,1975.0,mar,3133,18.981051723087386
LB,1980.0,deb,3809,16.099139880264286
LB,1980.0,mar,3809,19.586290526743095
LB,1985.0,deb,3909,16.18290146045472
LB,1985.0,mar,3909,20.183609978689663
LB,1990.0,deb,3569,16.126047541625173
LB,1995.0,deb,2732,16.277052053546118
LB,2000.0,deb,1694,16.421904565301745
LS,1955.0,deb,605,18.13252006366233
LS,1955.0,mar,605,18.32366397894098
LS,1960.0,deb,1374,18.27018636177775
LS,1960.0,mar,1374,18.697357375329553
LS,1965.0,deb,1898,18.451192541576365
LS,1965.0,mar,1898,19.275296091539172
LS,1970.0,deb,2151,18.41650232543265
LS,1970.0,mar,2151,19.557043723552923
LS,1975.0,deb,2735,18.537383697322284
LS,1975.0,mar,2735,20.188301016509843
LS,1980.0,deb,3565,18.543996407047803
LS,1980.0,mar,3565,20.86350589727535
LS,1985.0,deb,4374,18.23919173894171
LS,1985.0,mar,4374,20.961537888794947
LS,1990.0,deb,3137,18.10244197249122
MD,1955.0,deb,903,17.304312626941343
MD,1955.0,mar,903,18.766208300816864
MD,1960.0,deb,2390,17.243139833877926
MD,1960.0,mar,2390,18.946927932900465
MD,1965.0,deb,2769,17.47606021183365
MD,1965.0,mar,2769,19.370763410477156
MD,1970.0,deb,4263,17.43052386364044
MD,1970.0,mar,4263,19.365202422053347
MD,1975.0,deb,5673,17.2804529588044
MD,1975.0,mar,5673,19.26884890953778
MD,1980.0,deb,6351,17.059044358027574
MD,1980.0,mar,6351,18.68614837329631
MD,1985.0,deb,6484,16.957904382740757
MD,1985.0,mar,6484,18.566111272202118
MD,1990.0,deb,6419,16.934277918957722
MD,1995.0,deb,3338,16.797824836048306
MD,1995.0,mar,3338,19.17682920118869
MD,2000.0,deb,4256,16.731841985094253
ML,1955.0,deb,553,15.970530911394562
ML,1955.0,mar,553,16.65236385046634
ML,1960.0,deb,1400,16.24203466979327
ML,1960.0,mar,1400,17.05497735934931
ML,1965.0,deb,2471,16.16543694609077
ML,1965.0,mar,2471,17.143751727962794
ML,1970.0,deb,3541,16.412871275230003
ML,1970.0,mar,3541,17.554790890775667
ML,1975.0,deb,4769,16.259134097872472
ML,1975.0,mar,4769,17.17271973613996
ML,1980.0,deb,6144,16.16581566204262
ML,1980.0,mar,6144,17.088842642604686
ML,1985.0,deb,6536,16.194223026161694
ML,1985.0,mar,6536,16.960914285557546
ML,1990.0,deb,5330,16.557520139662746
ML,1990.0,mar,5330,17.460104359228215
ML,1995.0,deb,3065,16.661586605131646
ML,1995.0,mar,3065,17.757634824397662
MR,1970.0,deb,1094,18.088124518722225
MR,1970.0,mar,1094,20.16311124370396
MR,1975.0,deb,1488,18.33917333480267
MR,1975.0,mar,1488,19.570623610146566
MR,1980.0,deb,1886,18.24619014670985
MR,1980.0,mar,1886,19.563695898294124
MR,1985.0,deb,2115,18.079747940817793
MR,1985.0,mar,2115,18.9254253618319
MR,1990.0,deb,2585,18.66635796340351
MR,1990.0,mar,2585,19.43975081116279
MR,1995.0,deb,2647,19.812922088916594
MR,1995.0,mar,2647,19.888569812474064
MW,1950.0,deb,772,16.900836529388123
MW,1950.0,mar,772,18.05520028337353
MW,1955.0,deb,1662,16.689354352876357
MW,1955.0,mar,1662,17.63662547768116
MW,1960.0,deb,3823,16.709373839751336
MW,1960.0,mar,3823,17.65493307490989
MW,1965.0,deb,5300,16.663053046400407
MW,1965.0,mar,5300,17.801736754556263
MW,1970.0,deb,8183,16.73614096669522
MW,1970.0,mar,8183,17.995752187377978
MW,1975.0,deb,10839,16.90550557225735
MW,1975.0,mar,10839,18.117935310203055
MW,1980.0,deb,13793,17.00437071481905
MW,1980.0,mar,13793,18.122634312099564
MW,1985.0,deb,11217,17.162105008544767
MW,1985.0,mar,11217,18.237416648298783
MW,1990.0,deb,9728,17.391820081871487
MW,1990.0,mar,9728,18.670463082672182
MW,1995.0,deb,5934,17.401909194127242
MZ,1960.0,deb,725,16.287670376073105
MZ,1960.0,mar,725,19.089948871490837
MZ,1965.0,deb,1015,16.010767688267446
MZ,1965.0,mar,1015,18.903878531926168
MZ,1970.0,deb,1468,16.084646338988826
MZ,1970.0,mar,1468,19.181712061053872
MZ,1975.0,deb,1883,16.00956228689501
MZ,1975.0,mar,1883,19.291609028725805
MZ,1980.0,deb,2247,15.937741250221228
MZ,1980.0,mar,2247,18.375900885925933
MZ,1985.0,deb,2464,15.891774500683223
MZ,1985.0,mar,2464,18.27209869629305
MZ,1990.0,deb,2769,16.252255198793737
MZ,1990.0,mar,2769,17.957756368163974
NG,1955.0,deb,1166,15.648724513165778
NG,1955.0,mar,1166,15.964876411135416
NG,1960.0,deb,4741,16.319806574666853
NG,1960.0,mar,4741,17.070341127058967
NG,1965.0,deb,7751,16.663076458003815
NG,1965.0,mar,7751,17.626218614090135
NG,1970.0,deb,12736,16.892190517268865
NG,1970.0,mar,12736,18.22623699809828
NG,1975.0,deb,15176,17.129853594783643
NG,1975.0,mar,15176,18.709819376943926
NG,1980.0,deb,19887,17.440119523889514
NG,1980.0,mar,19887,19.174463573324402
NG,1985.0,deb,20436,17.472708581115317
NG,1985.0,mar,20436,19.321380621628453
NG,1990.0,deb,19928,17.488764272644463
NG,1990.0,mar,19928,19.241736902586972
NG,1995.0,deb,12770,17.62357640940843
NI,1955.0,deb,266,15.407362974564602
NI,1955.0,mar,266,15.32637578820503
NI,1960.0,deb,1053,15.577658908990056
NI,1960.0,mar,1053,15.54684415695772
NI,1965.0,deb,1910,15.522633643711519
NI,1965.0,mar,1910,15.489353099332243
NI,1970.0,deb,2302,15.681373459606506
NI,1970.0,mar,2302,15.648681866643589
NI,1975.0,deb,3111,15.695919465080866
NI,1975.0,mar,3111,15.668632096823542
NI,1980.0,deb,4000,15.729670349922309
NI,1980.0,mar,4000,15.712630051903528
NI,1985.0,deb,4067,15.992828374160451
NI,1985.0,mar,4067,15.962509642252575
NI,1990.0,deb,2769,16.089588910323076
NI,1990.0,mar,2769,16.072825929939448
NM,1950.0,deb,359,19.85887620723275
NM,1950.0,mar,359,25.34498168339073
NM,1955.0,deb,967,19.66069284936293
NM,1955.0,mar,967,25.10015891903499
NM,1960.0,deb,1889,19.40940755053745
NM,1960.0,mar,1889,26.790896762606994
NM,1965.0,deb,2745,18.988973115647354
NM,1965.0,mar,2745,28.13146101374693
NM,1970.0,deb,3420,19.176253844694624
NM,1970.0,mar,3420,29.38791779841152
NM,1975.0,deb,3925,18.73048529023874
NM,1980.0,deb,4459,18.168930641188897
NM,1985.0,deb,3880,18.360935059460658
NM,1990.0,deb,2780,18.3241110294406
RW,1950.0,deb,591,19.650774098409883
RW,1950.0,mar,591,20.06572568651103
RW,1955.0,deb,1688,19.890682876786848
RW,1955.0,mar,1688,20.36397029273943
RW,1960.0,deb,3191,20.02333171063033
RW,1960.0,mar,3191,20.459183326697826
RW,1965.0,deb,4309,20.534577198579296
RW,1965.0,mar,4309,21.188852728771085
RW,1970.0,deb,6818,20.427075710663516
RW,1970.0,mar,6818,21.22591638958313
RW,1975.0,deb,8206,20.05350332821345
RW,1975.0,mar,8206,20.937454813303496
RW,1980.0,deb,12096,21.294962104930782
RW,1980.0,mar,12096,22.612235651896697
RW,1985.0,deb,11156,21.855698382220474
SL,1960.0,deb,837,16.186415189053797
SL,1960.0,mar,837,17.518035527902757
SL,1965.0,deb,1976,16.101901604560787
SL,1965.0,mar,1976,17.684985956624715
SL,1970.0,deb,3956,15.973948596593704
SL,1970.0,mar,3956,18.127979395889575
SL,1975.0,deb,4778,15.994490203517778
SL,1975.0,mar,4778,18.129131678594792
SL,1980.0,deb,6186,15.923763744022583
SL,1980.0,mar,6186,18.081932285987225
SL,1985.0,deb,5989,16.067504910109015
SL,1985.0,mar,5989,18.72904833551445
SL,1990.0,deb,6725,16.25653799755797
SL,1990.0,mar,6725,19.807639939456443
SL,1995.0,deb,5802,16.470180077852252
SL,2000.0,deb,3295,16.798301261768238
SN,1955.0,deb,872,17.068064404680236
SN,1955.0,mar,872,17.22652159500233
SN,1960.0,deb,2047,17.50338968944456
SN,1960.0,mar,2047,17.87989985671879
SN,1965.0,deb,5116,18.172534426176355
SN,1965.0,mar,5116,18.71871215917469
SN,1970.0,deb,9253,18.605900223938825
SN,1970.0,mar,9253,19.161850351808667
SN,1975.0,deb,11026,19.167710764551614
SN,1975.0,mar,11026,19.879496501609843
SN,1980.0,deb,14520,19.14172142837811
SN,1980.0,mar,14520,19.785223560179222
SN,1985.0,deb,18723,19.410766339339233
SN,1985.0,mar,18723,19.98204331853226
SN,1990.0,deb,16767,19.820025003945545
SN,1990.0,mar,16767,20.649491282305707
ST,1960.0,deb,235,17.71038117622503
ST,1960.0,mar,235,18.768167788849446
ST,1965.0,deb,294,17.74443045052436
ST,1965.0,mar,294,18.813207678382224
ST,1970.0,deb,295,17.890328607712824
ST,1970.0,mar,295,18.78954980428608
ST,1975.0,deb,419,17.66283856478682
ST,1975.0,mar,419,18.84909521243602
ST,1980.0,deb,439,17.56261680528551
ST,1980.0,mar,439,18.743004300236127
ST,1985.0,deb,454,17.677190170669608
ST,1985.0,mar,454,19.53124737355487
SZ,1955.0,deb,232,17.257942412031415
SZ,1955.0,mar,232,22.188055573150006
SZ,1960.0,deb,422,17.21188476032856
SZ,1960.0,mar,422,22.255825767331697
SZ,1965.0,deb,494,17.485594634524386
SZ,1965.0,mar,494,22.799472159704006
SZ,1970.0,deb,559,18.036088817082856
SZ,1970.0,mar,559,23.14992882455581
SZ,1975.0,deb,695,17.967664817205826
SZ,1975.0,mar,695,25.373315759844154
SZ,1980.0,deb,890,18.104534717063714
SZ,1985.0,deb,1220,18.041855213896792
TD,1955.0,deb,532,15.78264424599255
TD,1955.0,mar,532,15.933482283260362
TD,1960.0,deb,512,15.685406356469125
TD,1960.0,mar,512,15.977695874649164
TD,1965.0,deb,1911,15.743848738053696
TD,1965.0,mar,1911,15.90200723177037
TD,1970.0,deb,2274,15.822126452758726
TD,1970.0,mar,2274,16.028770514397966
TD,1975.0,deb,3184,15.934645913064053
TD,1975.0,mar,3184,16.204942693637914
TD,1980.0,deb,3606,15.813613699571516
TD,1980.0,mar,3606,15.952855855977843
TD,1985.0,deb,4712,16.287020618151235
TD,1985.0,mar,4712,16.510729957792776
TD,1990.0,deb,3067,16.072612746534993
TD,1990.0,mar,3067,16.369923659503524
TG,1965.0,deb,838,18.025501010435867
TG,1965.0,mar,838,19.59999517777107
TG,1970.0,deb,979,17.905027147299222
TG,1970.0,mar,979,19.746563066553293
TG,1975.0,deb,1330,18.195879794592983
TG,1975.0,mar,1330,20.495442739833784
TG,1980.0,deb,1485,17.889656357859817
TG,1980.0,mar,1485,19.896500958441436
TG,1985.0,deb,1679,18.022628898579597
TG,1985.0,mar,1679,20.36121173815704
TG,1990.0,deb,1613,18.04391729291432
TZ,1955.0,deb,735,16.463578859437014
TZ,1955.0,mar,735,17.550607411488073
TZ,1960.0,deb,1691,17.099017996158143
TZ,1960.0,mar,1691,18.452947957629377
TZ,1965.0,deb,2820,17.103324825291295
TZ,1965.0,mar,2820,18.576640020250814
TZ,1970.0,deb,4047,17.03298128824023
TZ,1970.0,mar,4047,18.69965310074873
TZ,1975.0,deb,4759,17.204605489490806
TZ,1975.0,mar,4759,19.07527289182985
TZ,1980.0,deb,5294,17.194246916449185
TZ,1980.0,mar,5294,18.944212955590622
TZ,1985.0,deb,6135,17.322014501449523
TZ,1985.0,mar,6135,19.33439405171237
TZ,1990.0,deb,4682,17.542792357843606
TZ,1990.0,mar,4682,19.993991340664174
TZ,1995.0,deb,2920,17.26470535975978
UG,1955.0,deb,360,16.134253799520422
UG,1955.0,mar,360,17.336402632112236
UG,1960.0,deb,1058,16.283148793185667
UG,1960.0,mar,1058,17.615226761290565
UG,1965.0,deb,2166,16.455692341939884
UG,1965.0,mar,2166,17.96001031308162
UG,1970.0,deb,3520,16.373099948079847
UG,1970.0,mar,3520,17.791363038018762
UG,1975.0,deb,4310,16.512116220281268
UG,1975.0,mar,4310,17.912769050334788
UG,1980.0,deb,5284,16.738987739994787
UG,1980.0,mar,5284,18.268573813718813
UG,1985.0,deb,6440,17.122636501438187
UG,1985.0,mar,6440,19.01760697883255
UG,1990.0,deb,6153,17.500771579437284
UG,1990.0,mar,6153,19.411132612197783
UG,1995.0,deb,4756,17.61043627622464
ZA,1965.0,deb,620,18.0525177507339
ZA,1965.0,mar,620,30.172986430260238
ZA,1970.0,deb,905,18.165466687590634
ZA,1970.0,mar,905,32.7805335282508
ZA,1975.0,deb,985,18.03936436168375
ZA,1975.0,mar,985,30.740442374199585
ZA,1980.0,deb,1262,18.011645137124574
ZA,1980.0,mar,1262,30.609036443379065
ZA,1985.0,deb,1383,18.09145754339642
ZA,1990.0,deb,1393,17.98922589484903
ZA,1995.0,deb,1490,17.97258460451282
ZM,1955.0,deb,208,16.087517812234466
ZM,1955.0,mar,208,17.30592175499503
ZM,1960.0,deb,772,16.742274758775775
ZM,1960.0,mar,772,17.452944291627894
ZM,1965.0,deb,1829,16.903555781120165
ZM,1965.0,mar,1829,17.960501978913655
ZM,1970.0,deb,3488,16.866776533412715
ZM,1970.0,mar,3488,18.270971087059884
ZM,1975.0,deb,4558,16.86617305066196
ZM,1975.0,mar,4558,18.625982983734293
ZM,1980.0,deb,5735,16.78813959095267
ZM,1980.0,mar,5735,18.5189165629553
ZM,1985.0,deb,6039,17.05255904811301
ZM,1985.0,mar,6039,19.34899631364621
ZM,1990.0,deb,6498,17.270408878918047
ZM,1990.0,mar,6498,20.127947285116324
ZM,1995.0,deb,5660,17.354172207228657
ZW,1955.0,deb,493,17.814541957742996
ZW,1955.0,mar,493,18.770781902819383
ZW,1960.0,deb,1231,17.766952014860028
ZW,1960.0,mar,1231,18.547711864891863
ZW,1965.0,deb,1899,18.35514892584785
ZW,1965.0,mar,1899,19.655156398803378
ZW,1970.0,deb,3012,18.624417125684246
ZW,1970.0,mar,3012,19.799953623126257
ZW,1975.0,deb,3856,18.703910405821613
ZW,1975.0,mar,3856,19.773271849651696
ZW,1980.0,deb,5080,18.824316145012073
ZW,1980.0,mar,5080,19.715986050781144
ZW,1985.0,deb,5594,18.7763588448178
ZW,1985.0,mar,5594,19.72342084385196
ZW,1990.0,deb,3989,18.628519898702674
ZW,1990.0,mar,3989,19.500540146496203
