cc,event,ncoh,coh0,coh1,med_first,med_last,slope_pct_per_decade,rmse_lin_pct,rmse_quad_pct,quad_pct
AO,deb,7,1965.0,1995.0,16.505069913453603,16.4928739305322,0.06550422769675465,0.6865466371232728,0.6687338955001202,0.19996393913895996
AO,mar,6,1965.0,1990.0,20.53549863778946,20.84998784545839,0.19794407250506466,1.1537951712014298,0.9184627342246405,1.2344747177510773
BF,deb,9,1950.0,1990.0,17.615712431423418,17.611147289132568,-0.012524222470701514,0.3094957681212709,0.1892351729976584,0.23178765844837482
BF,mar,8,1950.0,1985.0,17.852645246542536,18.111358717745528,0.7235634858011902,0.4725627631165648,0.16455659002158227,0.5262028473482426
BJ,deb,10,1950.0,1995.0,17.984237358940433,17.350327738086655,-0.5779955608300652,0.40523258667179957,0.3528331997589177,0.16379542564511623
BJ,mar,8,1950.0,1985.0,18.600042736003186,19.663084742233977,1.3043107479166056,0.6477666840804395,0.5760865524974741,0.38212832797389995
BU,deb,7,1960.0,1990.0,19.696874304863673,19.850401727220245,-0.07267247083212093,0.7751860452995811,0.5895973850339679,0.7102333965774872
BU,mar,7,1960.0,1990.0,19.89744005744865,20.952821013856642,0.8318716918651339,1.42404243943844,1.1190250188079245,1.2428959225894467
CD,deb,8,1955.0,1990.0,16.233171541268828,17.059866327316197,0.9208421145147097,0.621279082525979,0.451235100098675,0.4920129078991195
CD,mar,8,1955.0,1990.0,17.940451549094778,19.486594436674565,2.205201988639984,0.8392626441539658,0.8361105747887766,0.08372362201959747
CG,deb,8,1955.0,1990.0,15.700803679021679,16.294792765617192,0.9905618237784585,0.7224459925210929,0.7210990874302877,0.048436653800577906
CG,mar,7,1955.0,1985.0,19.11833191141342,20.092285047036583,1.0239489282724088,1.3775773669833549,1.113623183501789,-1.1533511969407113
CI,deb,7,1960.0,1990.0,16.580175899404985,16.618839170704366,0.06994263164921612,0.644990044828381,0.3716989227061515,-0.7016463166147718
CI,mar,6,1960.0,1985.0,18.452996683788164,20.401885162829878,4.25384033083496,0.9244698175873891,0.915518431471849,-0.2349840246866947
CM,deb,9,1955.0,1995.0,16.240165030895902,17.531272616787554,1.9650360835114344,0.6883919141891156,0.4185354652172892,0.45604358950251667
CM,mar,7,1955.0,1985.0,17.495646202433324,19.729292298012304,4.09622603246868,1.0081035822091993,0.783622566154682,0.8441327018866626
ET,deb,9,1940.0,1980.0,15.57432442696974,18.694839789064414,6.005446337135921,1.911242664921559,0.535228507682104,1.693771166568551
ET,mar,9,1940.0,1980.0,15.572698560682872,19.1302779587551,6.489182660511574,1.8123267781144303,0.5151038580309315,1.6040537359503029
GA,deb,9,1950.0,1990.0,15.677734617915924,16.831533377839705,1.6889815039591725,0.7434219508250111,0.7103642516939406,-0.18725222825844987
GA,mar,7,1950.0,1985.0,17.98679938665457,22.283374810953216,5.497909860941892,1.550797237652027,1.0382444165907687,-1.1263966342318625
GH,deb,8,1955.0,1990.0,18.09513701354156,18.34408292530174,1.25797009581258,0.8262104782662235,0.822150047722218,-0.08559217901028512
GH,mar,7,1955.0,1985.0,19.48778789790328,22.85490172483769,6.852771135310127,2.413453203831629,0.4745528186488445,3.1790726495183974
GM,deb,6,1965.0,1990.0,17.43489153600933,19.47447550953828,5.296694739566181,0.7775723541244184,0.5417566611290677,1.046030229719752
GM,mar,6,1965.0,1990.0,17.545473637966996,20.554528212259,6.907179153463781,0.7045754721349665,0.6089814605129027,0.664539991046081
GN,deb,9,1955.0,1995.0,15.793227597581328,16.990000037410628,1.48164388561089,0.999447057531069,0.6131303635509182,0.6656064061923822
GN,mar,9,1955.0,1995.0,15.976255076324676,18.887472648524287,4.019567687536858,1.085767596197515,0.7205822914886225,0.6849250540504862
KE,deb,8,1955.0,1990.0,16.78943863861295,18.17106364384836,1.5828476480037454,0.4762463271294287,0.3401425511014213,-0.37999338381456205
KE,mar,7,1955.0,1985.0,19.14614697542883,20.64579492908221,2.217663859515634,0.835423202369932,0.7761234006132605,-0.4569468824967793
KM,deb,5,1965.0,1985.0,19.826990814555252,20.152120401856678,0.5725078819389431,0.7588089886159767,0.2993950274656228,-1.779613084948526
KM,mar,5,1965.0,1985.0,20.212883076301733,20.608310877063907,0.5561543058702068,1.1957011392214782,0.6391873547675259,-2.5791796579259882
LB,deb,10,1955.0,2000.0,16.085826287879367,16.421904565301745,0.5749034660716279,0.39283384263064625,0.26484630876326587,0.21102655590123953
LB,mar,7,1955.0,1985.0,17.8884758047163,20.183609978689663,4.373608827358872,0.974397137258054,0.4389757100919516,1.2622039565441048
LS,deb,8,1955.0,1990.0,18.13252006366233,18.10244197249122,-0.3274474686527718,0.842315559708884,0.3388562497439923,-0.8010246923219616
LS,mar,7,1955.0,1985.0,18.32366397894098,20.961537888794947,4.694400954756828,0.7083207334487932,0.6495455725896779,-0.3773834653429077
MD,deb,10,1955.0,2000.0,17.304312626941343,16.731841985094253,-1.0596172630318317,0.542956110197695,0.4936188783477094,-0.14747051182833248
MD,mar,8,1955.0,1995.0,18.766208300816864,19.17682920118869,-0.5957159796276007,1.593164412052362,1.5893211631548005,0.08784557164460753
ML,deb,9,1955.0,1995.0,15.970530911394562,16.661586605131646,0.6453182409440691,0.8909661319598288,0.7609034097516547,0.41582570489991566
ML,mar,9,1955.0,1995.0,16.65236385046634,17.757634824397662,0.5854396635283802,1.4137003404440645,1.3236162618084701,0.44548550339410253
MR,deb,6,1970.0,1995.0,18.088124518722225,19.812922088916594,3.3329267587239952,2.1587015437001273,1.101683122714409,3.1157565989432654
MR,mar,6,1970.0,1995.0,20.16311124370396,19.888569812474064,-0.1915834814417216,1.8651228222991585,0.8751163383767772,2.7644012347031333
MW,deb,10,1950.0,1995.0,16.900836529388123,17.401909194127242,1.3010381874830972,0.5244152557808501,0.32985341801175716,0.306902770765922
MW,mar,9,1950.0,1990.0,18.05520028337353,18.670463082672182,1.4038708805796973,0.6574468414309105,0.5220612797103561,0.3641405168234775
MZ,deb,7,1960.0,1990.0,16.287670376073105,16.252255198793737,0.040655667486025386,0.8768419911495031,0.5455430262228786,0.8534698624555167
MZ,mar,7,1960.0,1990.0,19.089948871490837,17.957756368163974,-2.5422292096704617,1.400461611063967,1.0991525168543559,-1.0789769605072552
NG,deb,9,1955.0,1995.0,15.648724513165778,17.62357640940843,2.0628622887207637,0.8470900363058957,0.34202989220434643,-0.7134249863870156
NG,mar,8,1955.0,1990.0,15.964876411135416,19.241736902586972,3.9466553258719803,1.5283996113891523,0.3510720257124411,-1.7090394501408752
NI,deb,8,1955.0,1990.0,15.407362974564602,16.089588910323076,1.2391673012079383,0.44609052505493774,0.33187529944167,0.34425459100144645
NI,mar,8,1955.0,1990.0,15.32637578820503,16.072825929939448,1.2813092289390597,0.42524757254346773,0.3177863368195757,0.32633804860060955
NM,deb,9,1950.0,1990.0,19.85887620723275,18.3241110294406,-2.2271713960794672,1.0686768313481037,1.0109317740120387,0.3083910316277511
NM,mar,5,1950.0,1970.0,25.34498168339073,29.38791779841152,9.203432635915174,0.9552118391833899,0.9016830613179218,0.9236830803294176
RW,deb,8,1950.0,1985.0,19.650774098409883,21.855698382220474,3.2497690565376693,1.91172388712251,1.4926140165279735,1.39127769378185
RW,mar,7,1950.0,1980.0,20.06572568651103,22.612235651896697,3.96404213687497,2.191020006226283,1.883712458585654,1.68594557176876
SL,deb,9,1960.0,2000.0,16.186415189053797,16.798301261768238,1.1870502144769663,0.9852364451151354,0.18727685360937416,0.8451553080567266
SL,mar,7,1960.0,1990.0,17.518035527902757,19.807639939456443,4.040098423973122,1.8944634472502293,1.1957582762310721,2.0462662824991518
SN,deb,8,1955.0,1990.0,17.068064404680236,19.820025003945545,3.3942879196675104,0.8507895767810263,0.656178249033927,-0.6550741398270132
SN,mar,8,1955.0,1990.0,17.22652159500233,20.649491282305707,3.7982840367702075,1.1948281321476757,1.043578892669521,-0.7038344777783792
ST,deb,6,1960.0,1985.0,17.71038117622503,17.677190170669608,-0.3347538179830396,0.4755474741668101,0.4715183663326708,-0.10157324608173798
ST,mar,6,1960.0,1985.0,18.768167788849446,19.53124737355487,1.243535962440215,1.2107262204302471,0.8300871861144244,1.4492493389428445
SZ,deb,7,1955.0,1985.0,17.257942412031415,18.041855213896792,1.6592802066645884,0.8855761590338374,0.63396599531153,-0.7837048684484264
SZ,mar,5,1955.0,1975.0,22.188055573150006,25.373315759844154,7.141102829084575,2.3140374584520957,1.0456675812618772,5.259548585390396
TD,deb,8,1955.0,1990.0,15.78264424599255,16.072612746534993,1.0221202171382036,0.8501067543699593,0.835902543470215,0.16899600950862936
TD,mar,8,1955.0,1990.0,15.933482283260362,16.369923659503524,1.1545439844714196,0.9716906559317052,0.9401371435070529,0.2682169085052579
TG,deb,6,1965.0,1990.0,18.025501010435867,18.04391729291432,0.030766974319521214,0.5572061174758215,0.5565557651059426,0.04441195100642315
TG,mar,5,1965.0,1985.0,19.59999517777107,20.36121173815704,1.5273936100251564,1.3118157717424441,1.253121352848013,-0.941713580509342
TZ,deb,9,1955.0,1995.0,16.463578859437014,17.26470535975978,0.8471658524772734,0.6750622968214601,0.6480461408033903,-0.16296807180048128
TZ,mar,8,1955.0,1990.0,17.550607411488073,19.993991340664174,2.6618583201143915,1.0236517555557383,0.984008819533286,0.30122642358703694
UG,deb,9,1955.0,1995.0,16.134253799520422,17.61043627622464,2.672300951195381,0.8095678266424778,0.5574549567440378,0.5408745025162488
UG,mar,8,1955.0,1990.0,17.336402632112236,19.411132612197783,3.615389212056299,1.3156312101167533,0.7558208449057867,1.2534498612806988
ZA,deb,7,1965.0,1995.0,18.0525177507339,17.97258460451282,-0.23804753383612556,0.24813066611819473,0.2419758459448234,-0.06627066139417634
ZA,mar,4,1965.0,1980.0,30.172986430260238,30.609036443379065,-1.387780498694952,2.9628756508174243,2.3005814434427423,-7.666758411935988
ZM,deb,9,1955.0,1995.0,16.087517812234466,17.354172207228657,1.1942198010888412,0.6817184444763056,0.5736033144705301,0.3619131918963793
ZM,mar,8,1955.0,1990.0,17.30592175499503,20.127947285116324,4.467872409835582,1.3581145177948621,1.0380766882911208,1.095086283819778
ZW,deb,8,1955.0,1990.0,17.814541957742996,18.628519898702674,1.1051003425236916,1.0149198556985948,0.36216966818570534,-1.0463004364129151
ZW,mar,8,1955.0,1990.0,18.770781902819383,19.500540146496203,0.6530404061462514,1.3933167143459606,0.7682631321946558,-1.2827619882684256
